twitter.retweet.count,twitter.retweeted.user.name,links.url,interaction.source,twitter.retweet.user.screen_name,twitter.user.description,interaction.geo.latitude,twitter.retweet.user.id_str,twitter.user.verified,klout.amplification,twitter.user.id,twitter.geo.latitude,interaction.geo.longitude,twitter.place.full_name,twitter.user.listed_count,twitter.retweet.domains,links.retweet_count,twitter.user.url,twitter.user.name,demographic.gender,twitter.place.name,salience.content.entities,twitter.retweet.user.geo_enabled,twitter.retweet.user.statuses_count,twitter.text,twitter.place.id,twitter.mentions,twitter.user.id_str,twitter.retweet.user.lang,twitter.id,twitter.retweet.user.utc_offset,twitter.retweeted.user.listed_count,twitter.retweeted.user.utc_offset,twitter.source,klout.score,interaction.author.username,twitter.retweeted.user.id,twitter.geo.longitude,twitter.place.url,twitter.retweeted.user.followers_count,links.created_at,twitter.retweet.user.created_at,twitter.retweeted.user.friends_count,interaction.created_at,twitter.place.country,twitter.retweet.text,twitter.links,twitter.user.statuses_count,twitter.domains,twitter.retweet.links,twitter.user.followers_count,interaction.author.link,twitter.retweet.user.id,interaction.type,klout.true_reach,interaction.id,twitter.retweet.user.followers_count,links.title,twitter.retweet.created_at,twitter.retweeted.created_at,twitter.user.time_zone,twitter.place.place_type,twitter.retweeted.user.location,klout.network,twitter.user.friends_count,twitter.retweet.source,interaction.link,twitter.retweet.user.listed_count,twitter.retweet.id,twitter.retweet.user.location,twitter.retweet.user.description,twitter.retweeted.user.url,twitter.user.screen_name,interaction.author.id,twitter.retweet.user.url,twitter.user.location,twitter.in_reply_to_screen_name,twitter.retweet.user.friends_count,interaction.tags,twitter.retweeted.user.time_zone,interaction.author.avatar,language.tag,twitter.user.created_at,twitter.retweeted.user.statuses_count,twitter.user.geo_enabled,twitter.retweet.mentions,twitter.retweeted.user.description,interaction.content,twitter.retweeted.user.screen_name,twitter.retweet.user.time_zone,language.confidence,twitter.user.lang,klout.topics,twitter.in_reply_to_status_id,twitter.in_reply_to_user_id,twitter.place.country_code,salience.content.sentiment,twitter.retweeted.user.geo_enabled,twitter.retweeted.source,twitter.retweeted.user.created_at,twitter.user.utc_offset,twitter.retweeted.user.lang,interaction.author.name,twitter.created_at,twitter.retweet.user.name,twitter.retweeted.id,twitter.retweeted.user.id_str
"","","","TweetDeck","","Nieuws, Sport, Basketball, Wielrennen, Arbeidsmarktcommunicatie, Analyse, Online Media, Google Analytics, Beleggen, Maximum, F1, Fietsen, Aandelen, Woerden.","","","",3,267766213,"","","",2,"","","","Mark Blokhuis","male","","","","","Betaal je netjes op tijd je cc rekening, schrijft #ING het bedrag gewoon doodleuk nog een keer af!! #klaagtweet #hoegaanweditoplossening","","","267766213","","221187698604511233","","","","<a href=""http://www.tweetdeck.com"" rel=""nofollow"">TweetDeck</a>",19,"MarkBlokhuis","","","","","","","","Fri, 06 Jul 2012 10:23:51 +0000","","","",550,"","",151,"http://twitter.com/MarkBlokhuis","","twitter",26,"1e1c754ae1ada580e074293c5feb152e","","","","","Amsterdam","","",4.42,251,"","http://twitter.com/MarkBlokhuis/statuses/221187698604511233","","","","","","MarkBlokhuis",267766213,"","","","","[""Rabobank""]","","http://a0.twimg.com/profile_images/1291770428/PICT0674_-_kopie_normal.JPG","nl","Thu, 17 Mar 2011 14:10:07 +0000","","","","","Betaal je netjes op tijd je cc rekening, schrijft #ING het bedrag gewoon doodleuk nog een keer af!! #klaagtweet #hoegaanweditoplossening","","",92,"en","","","","","","","","",3600,"","Mark Blokhuis","Fri, 06 Jul 2012 10:23:51 +0000","","",""
"","","","Radian6 ","","Het ING Webcare Team reageert op internet op vragen, klachten en problemen van klanten ten aanzien van onze producten en diensten. ","","",true,8,71515969,"","","",223,"","","http://www.ing.nl/webcare","ING Webcare Team","female","","","","","@geasmithbults ING vraagt nooit om gegevens. Je kunt deze phishing e-mails naar valse-email@ing.nl sturen. CC @MyriamJansen","","[""geasmithbults"",""MyriamJansen""]","71515969","","221551133867511808","","","","<a href=""http://www.radian6.com"" rel=""nofollow"">Radian6 </a>",54,"INGnl_webcare","","","","","","","","Sat, 07 Jul 2012 10:28:01 +0000","","","",13142,"","",9156,"http://twitter.com/INGnl_webcare","","twitter",3555,"1e1c81e6d878ae80e074163eea65be46","","","","","Amsterdam","","",37.76,8407,"","http://twitter.com/INGnl_webcare/statuses/221551133867511808","","","","","","INGnl_webcare",71515969,"","Amsterdam","geasmithbults","","[""Rabobank""]","","http://a0.twimg.com/profile_images/472353416/ING_corporate_avatar_normal.gif","nl","Fri, 04 Sep 2009 11:48:57 +0000","","","","","@geasmithbults ING vraagt nooit om gegevens. Je kunt deze phishing e-mails naar valse-email@ing.nl sturen. CC @MyriamJansen","","",100,"en","[""retailers"",""business"",""social media"",""samsung"",""jeep""]","221548864497385472","222611585","","","","","",3600,"","ING Webcare Team","Sat, 07 Jul 2012 10:28:01 +0000","","",""
"","","[""http://www.zeker.com/"",""http://zeker.com/abn-amro/reisverzekering""]","dlvr.it","","Vind je ook dat de kwaliteit van verzekeringen belangrijk is? Lees dan verzekeringservaringen van klanten zoals jij op Zeker.com.","","","",13,44070341,"","","",8,"","[123,0]","http://zeker.com/","Zeker.com","mostly_male","","","","","Beste Reisverzekering in juli: ABN AMRO met een 8,4 op http://t.co/5PotgGTy /cc @abnamro http://t.co/lp79Ivth","","[""ABNAMRO""]","44070341","","221561084971188224","","","","<a href=""http://dlvr.it"" rel=""nofollow"">dlvr.it</a>",40,"Zeker","","","","","[""Sun, 12 Sep 2010 12:30:00 +0000"",""Sat, 07 Jul 2012 11:07:34 +0000""]","","","Sat, 07 Jul 2012 11:07:33 +0000","","","[""http://Zeker.com"",""http://zkr.cm/NvKbsY""]",5713,"[""Zeker.com"",""zkr.cm""]","",308,"http://twitter.com/Zeker","","twitter",388,"1e1c823f35a0a880e074357b788990d0","","[""Zeker.com | Ervaringen & beoordelingen van verzekeringen"",""ABN AMRO Reisverzekering Ervaringen | Zeker.com""]","","","Amsterdam","","",19.27,249,"","http://twitter.com/Zeker/statuses/221561084971188224","","","","","","Zeker",44070341,"","Amsterdam","","","[""ABN AMRO""]","","http://a0.twimg.com/profile_images/1810609749/zeker-com_normal.png","nl","Tue, 02 Jun 2009 06:01:38 +0000","","","","","Beste Reisverzekering in juli: ABN AMRO met een 8,4 op http://t.co/5PotgGTy /cc @abnamro http://t.co/lp79Ivth","","",61,"nl","","","","","","","","",3600,"","Zeker.com","Sat, 07 Jul 2012 11:07:33 +0000","","",""
"","","[""http://poppik.com/Microbio-with-Diseases-Taxonomy-and-CC-S-Acc-Kt-9780321507785-Books/0321640438""]","twitterfeed","","","","","",2,116972971,"","","",1,"","[0]","http://poppik.com","Poppik.com","","","[{""name"":""7/7/2012"",""sentiment"":0,""confident"":1,""label"":""Date"",""evidence"":1,""type"":""Pattern"",""about"":1}]","","","Microbio with Diseases Taxonomy&amp; CC S/Acc Kt (9780321507785): Books: Price:: $154.16 as of 7/7/2012 7:24:46 AMRo... http://t.co/rXz72XCv","","","116972971","","221613664401231872","","","","<a href=""http://twitterfeed.com"" rel=""nofollow"">twitterfeed</a>",14,"Poppikcom","","","","","[""Sat, 07 Jul 2012 14:36:35 +0000""]","","","Sat, 07 Jul 2012 14:36:29 +0000","","","[""http://bit.ly/OG2mz7""]",153859,"[""bit.ly""]","",262,"http://twitter.com/Poppikcom","","twitter",12,"1e1c8412363da480e074e7e18657d65e","","[""Microbio with Diseases Taxonomy&amp; CC S/Acc Kt (9780321507785): Books""]","","","Alaska","","",1.99,328,"","http://twitter.com/Poppikcom/statuses/221613664401231872","","","","","","Poppikcom",116972971,"","","","","[""ABN AMRO""]","","http://a0.twimg.com/profile_images/717295642/icon_128_normal.png","en","Wed, 24 Feb 2010 04:11:40 +0000","","","","","Microbio with Diseases Taxonomy&amp; CC S/Acc Kt (9780321507785): Books: Price:: $154.16 as of 7/7/2012 7:24:46 AMRo... http://t.co/rXz72XCv","","",100,"en","[""electronics"",""garmin"",""tomtom"",""cars""]","","","",0,"","","",-32400,"","Poppik.com","Sat, 07 Jul 2012 14:36:29 +0000","","",""
"","","","Twitter for BlackBerry®","","Laid back dude,fun as hell,die hard Pirates and Man United fanatic who wants to be an economist/forensic auditor 1 day! ","","","",4,164380063,"","","",1,"","","","Thapelo Bonnetswe®","","","","","","Bas Amro - Ten (Freerange) #LetsPlayHouse cc @ILvSAHouseMusic","","[""ILvSAHouseMusic""]","164380063","","221640359434915840","","","","<a href=""http://blackberry.com/twitter"" rel=""nofollow"">Twitter for BlackBerry®</a>",30,"Tp707","","","","","","","","Sat, 07 Jul 2012 16:22:34 +0000","","","",7365,"","",162,"http://twitter.com/Tp707","","twitter",150,"1e1c84ff539ca100e074f5f822964fe0","","","","","Greenland","","",8.56,342,"","http://twitter.com/Tp707/statuses/221640359434915840","","","","","","Tp707",164380063,"","Huhudi,Vryburg,North West","","","[""ABN AMRO""]","","http://a0.twimg.com/profile_images/2337804439/295072_10150800851140064_51434260063_9715997_1798551078_n_normal.jpg","vi","Thu, 08 Jul 2010 18:50:57 +0000","","","","","Bas Amro - Ten (Freerange) #LetsPlayHouse cc @ILvSAHouseMusic","","",64,"en","[""pirates"",""avi"",""games"",""music"",""chiefs""]","","","","","","","",-10800,"","Thapelo Bonnetswe®","Sat, 07 Jul 2012 16:22:34 +0000","","",""
0,"Soy Wuicho \\0/","","Twitter for BlackBerry®","Abn_Alarc","","","414998958","",6,"","","","","","","","","","male","","",true,7237,"","","","","es","222159924271128577","",4,-25200,"",31,"Abn_Alarc",200206296,"","",458,"","Thu, 17 Nov 2011 19:30:25 +0000",331,"Mon, 09 Jul 2012 02:47:08 +0000","","Lujo de los narcos Cc. @Abn_Alarc","","","","","","http://twitter.com/Abn_Alarc",414998958,"twitter",86,"1e1c9705fe21ae00e07469e8fe1550d2",78,"","Mon, 09 Jul 2012 02:47:08 +0000","Mon, 09 Jul 2012 02:33:27 +0000","","","Guatemala♥♥",10.66,"","<a href=""http://blackberry.com/twitter"" rel=""nofollow"">Twitter for BlackBerry®</a>","http://twitter.com/Abn_Alarc/statuses/222159924271128577","","222159924271128577","","","http://favstar.fm/users/wuichoguerra","",414998958,"","","",135,"[""ABN AMRO""]","Mountain Time (US & Canada)","http://a0.twimg.com/profile_images/2377961056/sontay_normal.jpg","es","",16143,"","[""Abn_Alarc""]","Construyendo un futuro, me gusta un poco de todo en music y aveces spameo #FollowMe no m critiques ;) que me vale ","RT @wuichoguerra: Lujo de los narcos Cc. @Abn_Alarc","wuichoguerra","",62,"","","","","",5,true,"<a href=""http://blackberry.com/twitter"" rel=""nofollow"">Twitter for BlackBerry®</a>","Fri, 08 Oct 2010 18:20:19 +0000","","es","Abner Alarcon ","","Abner Alarcon ","222156482597228545","200206296"
"","","","web","","Voetballen MC1 ♡","","","",3,232671108,"","","","","","","","Marlou van Houdt ","mostly_male","","","","","Gister wel goed in Portugal aangekomen alleen nog niet in de villa. Super gezeik met de credit card van Rabobank die het niet deed om","","","232671108","","222238436277497856","","","","web",27,"Marlouxox","","","","","","","","Mon, 09 Jul 2012 07:59:06 +0000","","","",37795,"","",206,"http://twitter.com/Marlouxox","","twitter",159,"1e1c99bf4ae4a100e0740e6a58178f28","","","","","Amsterdam","","",6.91,156,"","http://twitter.com/Marlouxox/statuses/222238436277497856","","","","","","Marlouxox",232671108,"","Op m'n blackberry - 26DC89FA","","","[""Rabobank""]","","http://a0.twimg.com/profile_images/2298161732/341286342_normal.jpg","nl","Fri, 31 Dec 2010 21:55:33 +0000","","","","","Gister wel goed in Portugal aangekomen alleen nog niet in de villa. Super gezeik met de credit card van Rabobank die het niet deed om","","",100,"en","","","","","","","","",3600,"","Marlou van Houdt ","Mon, 09 Jul 2012 07:59:06 +0000","","",""
"","","[""https://www.abnamro.nl/nl/prive/betalen/creditcards/index.html""]","web","","Marie-Louise. Kantoordirecteur ABN AMRO Deurne, Gemert, Asten. Hypotheekadvies, retailbanking. ","","","",0,599228792,"","","","","","[0]","","ML van den Einden","mostly_male","","","","","Gaat u op vakantie? ! Vraag nu een ABN AMRO Credit Card aan en na acceptatie krijgt u het Party Time reisspel cadeau. https://t.co/jtYQ1pWR","","","599228792","","222297137621368832","","","","web",10,"MLvandenEinden","","","","","[""Mon, 09 Jul 2012 11:52:23 +0000""]","","","Mon, 09 Jul 2012 11:52:22 +0000","","","[""https://www.abnamro.nl/nl/prive/betalen/creditcards/index.html""]",43,"[""www.abnamro.nl""]","",27,"http://twitter.com/MLvandenEinden","","twitter",0,"1e1c9bc8af25af00e074a39b4b44bea2","","[""Creditcards - ABN AMRO - gratis creditcard bij betaalpakket""]","","","","","",0.0,76,"","http://twitter.com/MLvandenEinden/statuses/222297137621368832","","","","","","MLvandenEinden",599228792,"","","","","[""ABN AMRO""]","","http://a0.twimg.com/profile_images/2277663806/xn2heb23bi3iccu8iamc_normal.jpeg","nl","Mon, 04 Jun 2012 13:10:08 +0000","","","","","Gaat u op vakantie? ! Vraag nu een ABN AMRO Credit Card aan en na acceptatie krijgt u het Party Time reisspel cadeau. https://t.co/jtYQ1pWR","","",100,"nl","","","","","","","","","","","ML van den Einden","Mon, 09 Jul 2012 11:52:22 +0000","","",""
"","","","Twitter for iPhone","","PR photography - will walk & talk about visual  storytelling ~ I eat, sleep and breathe and sell photography.......","","","",61,14897331,"","","",198,"","","http://www.daphnechannahorn.com/","daphne channa horn","","","","","","@gabryvanbeek @basw .....meerdere keren voor Rabobank je collega's geschoten -;) /cc @RobertLommers","","[""gabryvanbeek"",""basw"",""RobertLommers""]","14897331","","222346452490399744","","","","<a href=""http://twitter.com/download/iphone"" rel=""nofollow"">Twitter for iPhone</a>",61,"ikbendaf","","","","","","","","Mon, 09 Jul 2012 15:08:19 +0000","","","",31229,"","",2798,"http://twitter.com/ikbendaf","","twitter",3868,"1e1c9d7eaaa3a380e074697591d799e2","","","","","Amsterdam","","",49.96,3078,"","http://twitter.com/ikbendaf/statuses/222346452490399744","","","","","","ikbendaf",14897331,"","Amsterdam","gabryvanbeek","","[""Rabobank""]","","http://a0.twimg.com/profile_images/2199549708/daphnechannahorn-original-Lightroom__1_van_1__normal.jpg","nl","Sun, 25 May 2008 08:14:48 +0000","","","","","@gabryvanbeek @basw .....meerdere keren voor Rabobank je collega's geschoten -;) /cc @RobertLommers","","",100,"en","[""photography"",""amsterdam"",""entrepreneurship"",""ios"",""apps""]","222227529686200320","24671308","","","","","",3600,"","daphne channa horn","Mon, 09 Jul 2012 15:08:19 +0000","","",""
"","","","Tweet Button","","Pocketinfo is de community voor informatie over smartphones, tablets en andere gadgets, met een focus op Windows Phone!","","","",7,22908018,"","","",114,"","","http://www.pocketinfo.nl","Pocketinfo","","","","","","Lees 'ABN AMRO App binnen een maand beschikbaar voor WP7'  | http://t.co/OjCMlnvc via @pocketinfo_nl #wp7 #pocketinfo ( cc @ABNAMRO )","","[""Pocketinfo_nl"",""ABNAMRO""]","22908018","","222394756813160448","","","","<a href=""http://twitter.com/tweetbutton"" rel=""nofollow"">Tweet Button</a>",34,"Pocketinfo_nl","","","","","","","","Mon, 09 Jul 2012 18:20:16 +0000","","","[""http://www.pocketinfo.nl/abn-amro-bankieren-applicatie-binnen-een-maand-63005""]",7187,"[""www.pocketinfo.nl""]","",1561,"http://twitter.com/Pocketinfo_nl","","twitter",126,"1e1c9f2bb54fa000e07414823d561c0e","","","","","Amsterdam","","",12.07,218,"","http://twitter.com/Pocketinfo_nl/statuses/222394756813160448","","","","","","Pocketinfo_nl",22908018,"","Amsterdam","","","[""ABN AMRO""]","","http://a0.twimg.com/profile_images/1792094724/thumb_normal.png","nl","Thu, 05 Mar 2009 11:19:13 +0000","","","","","Lees 'ABN AMRO App binnen een maand beschikbaar voor WP7'  | http://t.co/OjCMlnvc via @pocketinfo_nl #wp7 #pocketinfo ( cc @ABNAMRO )","","",100,"en","[""#xperia"",""#wp7"",""sony"",""video"",""samsung""]","","","","","","","",3600,"","Pocketinfo","Mon, 09 Jul 2012 18:20:16 +0000","","",""
"","","","UberSocial for BlackBerry","","gak gni caranya","","","",3,291339669,"","","","","","","http://mymineyouyours.blogspot.com","Kemala WasitaManuaba","","","","","","Kk wiya beli 1 sttoskop litman warna item, 1 tensi abn pegas brapa kk? Penting.. Cc @made_wirantara","","[""made_wirantara""]","291339669","","222601478555189248","","","","<a href=""http://ubersocial.com"" rel=""nofollow"">UberSocial for BlackBerry</a>",27,"kemala_manuaba","","","","","","","","Tue, 10 Jul 2012 08:01:42 +0000","","","",3029,"","",148,"http://twitter.com/kemala_manuaba","","twitter",134,"1e1ca657c13ba700e074caade43a2340","","","","","Alaska","","",6.62,108,"","http://twitter.com/kemala_manuaba/statuses/222601478555189248","","","","","","kemala_manuaba",291339669,"","Kos mita, sidakarya,fk unud","","","[""ABN AMRO""]","","http://a0.twimg.com/profile_images/2283388466/image_normal.jpg","id","Sun, 01 May 2011 20:55:13 +0000","","","","","Kk wiya beli 1 sttoskop litman warna item, 1 tensi abn pegas brapa kk? Penting.. Cc @made_wirantara","","",100,"en","[""samsung""]","","","","","","","",-32400,"","Kemala WasitaManuaba","Tue, 10 Jul 2012 08:01:42 +0000","","",""
"","","","Tweetbot for iOS","","A joker who has no sense of humor.\n\nInterested in Movies, TV-shows & Cars.\n\n\n(I still think that the butler didn't do it.)","","","",8,197156771,"","","",1,"","","http://slimjee.tumblr.com","S L i M  ","","","","","","الصديق الحقيقي هو اللي لما تقول له ”بس أخلص شغلي وإن شاء الله يمديني أجيكم“ يفهمك ويدق على غيرك عشان يتعشى معاه.\n\n\ncc: Amro :)","","","197156771","","222769795509133312","","","","<a href=""http://tapbots.com/tweetbot"" rel=""nofollow"">Tweetbot for iOS</a>",39,"SuliTheMan","","","","","","","","Tue, 10 Jul 2012 19:10:32 +0000","","","",14636,"","",269,"http://twitter.com/SuliTheMan","","twitter",701,"1e1cac2eb6bca400e074a823827378ca","","","","","Riyadh","","",15.54,185,"","http://twitter.com/SuliTheMan/statuses/222769795509133312","","","","","","SuliTheMan",197156771,"","JEDDAH","","","[""ABN AMRO""]","","http://a0.twimg.com/profile_images/2171206055/B1A8F8C8-BF92-4251-8E03-BBBF87B6A23B_normal","ar","Thu, 30 Sep 2010 19:52:27 +0000","",true,"","","الصديق الحقيقي هو اللي لما تقول له ”بس أخلص شغلي وإن شاء الله يمديني أجيكم“ يفهمك ويدق على غيرك عشان يتعشى معاه.\n\n\ncc: Amro :)","","",95,"en","[""shutter island"",""world of warcraft"",""cats"",""riyadh""]","","","","","","","",10800,"","S L i M  ","Tue, 10 Jul 2012 19:10:32 +0000","","",""
"","","","foursquare","","27 | Ljouwert | Sogetist | Verliefd op @Kolthof | mama van Tygho (19-6-2012) | ik tweet op persoonlijke titel",53.19684244,"","",6,31733579,53.19684244,5.79417265,"Leeuwarden, Friesland","","","","","Annemijn","","Leeuwarden","","","","Een spaarrekening openen voor #babyTygho /cc @kolthof (@ Rabobank) http://t.co/DuM7cP1d","e414343ff5facd59","[""kolthof""]","31733579","","223041184698875904","","","","<a href=""http://foursquare.com"" rel=""nofollow"">foursquare</a>",32,"KleinRood","",5.79417265,"http://api.twitter.com/1/geo/id/e414343ff5facd59.json","","","","","Wed, 11 Jul 2012 13:08:56 +0000","The Netherlands","","[""http://4sq.com/MhrXdG""]",7477,"[""4sq.com""]","",100,"http://twitter.com/KleinRood","","twitter",95,"1e1cb599202aa400e074da1b8f09255e","","","","","Amsterdam","city","",10.95,262,"","http://twitter.com/KleinRood/statuses/223041184698875904","","","","","","KleinRood",31733579,"","Leeuwarden","","","[""Rabobank""]","","http://a0.twimg.com/profile_images/2353134583/F3CF8C4C-6E59-4A14-9315-B7F79AD6C38E_normal","nl","Thu, 16 Apr 2009 11:37:08 +0000","",true,"","","Een spaarrekening openen voor #babyTygho /cc @kolthof (@ Rabobank) http://t.co/DuM7cP1d","","",100,"en","","","","NL","","","","",3600,"","Annemijn","Wed, 11 Jul 2012 13:08:56 +0000","","",""
"","","","web","","DandyDev.net | Loves Music | Software & Web Development | Social Media | Mobile | Song writing | Internet as a playground | @joy_nl ","","","",50,105146222,"","","",5,"","","http://dandydev.net","Daniël Debie","","","","","","@JuzzzNL @chriskievit Gefeliciteerd met jullie diploma's Ing. Kievit en Ing. van Grootveld! /cc @BobJoziasse","","[""JuzzzNL"",""chriskievit"",""BobJoziasse""]","105146222","","223427999968657410","","","","web",52,"DaanDebie","","","","","","","","Thu, 12 Jul 2012 14:46:00 +0000","","","",4586,"","",143,"http://twitter.com/DaanDebie","","twitter",609,"1e1cc304bcc4a400e074b84fb4680eda","","","","","Amsterdam","","",42.35,112,"","http://twitter.com/DaanDebie/statuses/223427999968657410","","","","","","DaanDebie",105146222,"","Wonderland","BobJoziasse","","[""Rabobank""]","","http://a0.twimg.com/profile_images/1207807311/5311704645_2025136ce3_b_normal.jpg","nl","Fri, 15 Jan 2010 13:59:50 +0000","",true,"","","@JuzzzNL @chriskievit Gefeliciteerd met jullie diploma's Ing. Kievit en Ing. van Grootveld! /cc @BobJoziasse","","",100,"en","[""miami dolphins"",""peru""]","223410494978015232","46656560","","","","","",3600,"","Daniël Debie","Thu, 12 Jul 2012 14:46:00 +0000","","",""
"","","[""http://instagram.com/p/NAXTdDiH77/""]","Instagram","","tae kwon do\r\njui jitsu \r\nmagic \r\nstone cold stunner \r\n\r\n","","","",6,17399555,"","","",22,"","[0]","http://www.krackernuttz.com","ELROYboogie","","","","","","Buying her flowers w/ her credit card #abn http://t.co/0lIgKd16","","","17399555","","223617651660955649","","","","<a href=""http://instagr.am"" rel=""nofollow"">Instagram</a>",39,"ELROYboogie","","","","","[""Fri, 13 Jul 2012 03:19:38 +0000""]","","","Fri, 13 Jul 2012 03:19:37 +0000","","","[""http://instagr.am/p/NAXTdDiH77/""]",5686,"[""instagr.am""]","",851,"http://twitter.com/ELROYboogie","","twitter",439,"1e1cc99933aeaa80e07484d0b306d992","","[""Photo by elroyboogie • Instagram""]","","","Central Time (US & Canada)","","",15.8,472,"","http://twitter.com/ELROYboogie/statuses/223617651660955649","","","","","","ELROYboogie",17399555,"","ÜT: 29.886271,-95.668299","","","[""ABN AMRO""]","","http://a0.twimg.com/profile_images/1478168097/DSC_0356_normal.jpg","en","Sat, 15 Nov 2008 00:56:55 +0000","",true,"","","Buying her flowers w/ her credit card #abn http://t.co/0lIgKd16","","",61,"en","[""chicago bulls"",""taxes"",""the boondocks"",""djs"",""religion and spirituality""]","","","",0,"","","",-21600,"","ELROYboogie","Fri, 13 Jul 2012 03:19:37 +0000","","",""
"","","","Tweetbot for iOS","","Projectleider | trainingen | duurzaamheid | ICT | internet | milieu | fotograferen | maatschappij | privacy | Mac | iPhone \n\n  * Zoekt 'n mooie baan! :) * ","","","",8,16042848,"","","",30,"","","http://roelgroeneveld.com","Roel","","","","","","@ewaldeng Waar kan ik daar meer over vinden? #asnbank #sns /cc: @pietsprengers \n\n(Weet jij of dat klopt, @krispijnbeek?)","","[""ewaldeng"",""pietsprengers"",""krispijnbeek""]","16042848","","223681626532618241","","","","<a href=""http://tapbots.com/tweetbot"" rel=""nofollow"">Tweetbot for iOS</a>",38,"roelgroeneveld","","","","","","","","Fri, 13 Jul 2012 07:33:50 +0000","","","",16944,"","",493,"http://twitter.com/roelgroeneveld","","twitter",328,"1e1ccbd16ba0a300e0749b02a3c3c384","","","","","Amsterdam","","",15.65,466,"","http://twitter.com/roelgroeneveld/statuses/223681626532618241","","","","","","roelgroeneveld",16042848,"","Wageningen, Nederland, Europa","ewaldeng","","[""Rabobank""]","","http://a0.twimg.com/profile_images/1773608134/3809795E-1154-4CB1-9E3B-A302052EAA80_normal","nl","Fri, 29 Aug 2008 14:56:21 +0000","","","","","@ewaldeng Waar kan ik daar meer over vinden? #asnbank #sns /cc: @pietsprengers \n\n(Weet jij of dat klopt, @krispijnbeek?)","","",100,"en","[""photography"",""business""]","223666982057279488","20381809","","","","","",3600,"","Roel","Fri, 13 Jul 2012 07:33:50 +0000","","",""
"","","","web","","La21' Pocos pero re locos, Somos vagos y dementes pero jamas delincuentes' :))","","","",4,243291448,"","","","","","","","David Stiven Perez ","","","","","","@LorenaLopezSan Hay amro no este asi relajese que usted sabe que problemas hay en todos lados u.u :cc","","[""LorenaLopezSan""]","243291448","","223883018136322048","","","","web",23,"DavidPerezB","","","","","","","","Fri, 13 Jul 2012 20:54:05 +0000","","","",2189,"","",68,"http://twitter.com/DavidPerezB","","twitter",50,"1e1cd2ce1e59a480e074e2c91dfd7536","","","","","Bogota","","",6.17,84,"","http://twitter.com/DavidPerezB/statuses/223883018136322048","","","","","","DavidPerezB",243291448,"","colombia","LorenaLopezSan","","[""ABN AMRO""]","","http://a0.twimg.com/profile_images/2166448818/snapshot__66__normal.jpg","es","Wed, 26 Jan 2011 18:43:18 +0000","","","","","@LorenaLopezSan Hay amro no este asi relajese que usted sabe que problemas hay en todos lados u.u :cc","","",100,"es","","223882302751649792","130682236","",-1,"","","",-18000,"","David Stiven Perez ","Fri, 13 Jul 2012 20:54:05 +0000","","",""
"","","","Instagram","","","","","",5,483823503,"","","","","","","","mayashita","","","","","","ini littmann loh, bukan abn :p cc : @wowo21 *ini @ingkienk yg bilang :p* http://t.co/fpghlUcb","","[""wowo21"",""ingkienk""]","483823503","","223989682428575744","","","","<a href=""http://instagr.am"" rel=""nofollow"">Instagram</a>",27,"mayashita_","","","","","","","","Sat, 14 Jul 2012 03:57:56 +0000","","","[""http://instagr.am/p/NDAiebgDpV/""]",313,"[""instagr.am""]","",39,"http://twitter.com/mayashita_","","twitter",111,"1e1cd6817f43aa00e074319e983b81a8","","","","","Bangkok","","",7.2,83,"","http://twitter.com/mayashita_/statuses/223989682428575744","","","","","","mayashita_",483823503,"","","","","[""ABN AMRO""]","","http://a0.twimg.com/profile_images/2181868980/198742_2107985231826_1611437739_2126121_8023555_n_normal.jpg","ms","Sun, 05 Feb 2012 12:39:07 +0000","","","","","ini littmann loh, bukan abn :p cc : @wowo21 *ini @ingkienk yg bilang :p* http://t.co/fpghlUcb","","",100,"en","","","","","","","","",25200,"","mayashita","Sat, 14 Jul 2012 03:57:56 +0000","","",""
"","","","web","","Helaas,vaak aan 140 tekens niet genoeg.\r\n","","","",4,242703431,"","","",10,"","","","Co Wijna","mostly_male","","","","","Beste @jobpet , Verwacht ook niet bij SNS  ;)   CC @casparterhorst","","[""jobpet"",""casparterhorst""]","242703431","","224097311893106688","","","","web",32,"LordWanhope","","","","","","","","Sat, 14 Jul 2012 11:05:37 +0000","","","",10492,"","",1254,"http://twitter.com/LordWanhope","","twitter",201,"1e1cda3d71a1a680e0741ad5fa8824f4","","","","","Amsterdam","","",9.59,1200,"","http://twitter.com/LordWanhope/statuses/224097311893106688","","","","","","LordWanhope",242703431,"","","jobpet","","[""Rabobank""]","","http://a0.twimg.com/profile_images/2170012540/Co1_pentekening_normal.jpg","nl","Tue, 25 Jan 2011 11:52:34 +0000","","","","","Beste @jobpet , Verwacht ook niet bij SNS  ;)   CC @casparterhorst","","",62,"nl","","224070270804176897","111685983","","","","","",3600,"","Co Wijna","Sat, 14 Jul 2012 11:05:37 +0000","","",""
0,"Abdulrahman Bay☮un","","Tweetbot for iOS","xJadTweets","","","343500293","",10,"","","","","","","","","","","","","",11891,"","","","","en","224115466241708032",-18000,5,10800,"",60,"xJadTweets",66012980,"","",724,"","Wed, 27 Jul 2011 17:28:50 +0000",79,"Sat, 14 Jul 2012 12:17:45 +0000","","haha shut up bieber ! :CC @Amro_K_D http://t.co/ITVCFHHf","","","","","","http://twitter.com/xJadTweets",343500293,"twitter",8770,"1e1cdadeaca7aa80e074151326427cee",12343,"","Sat, 14 Jul 2012 12:17:45 +0000","Sat, 14 Jul 2012 11:27:30 +0000","","","Saudi Arabia",43.6,"","<a href=""http://tapbots.com/tweetbot"" rel=""nofollow"">Tweetbot for iOS</a>","http://twitter.com/xJadTweets/statuses/224115466241708032",30,"224115466241708032","","Gamer, @zpadnet , I Play Video Games And Upload Them To Youtube.\r\nAnd Still You Can't Judge Me Untill You Know Me.\r\nhttp://z-pad.net","http://z-pad.net","",343500293,"http://www.youtube.com/user/xJadCoD","","",89,"[""ABN AMRO""]","Riyadh","http://a0.twimg.com/profile_images/2351095488/ovv1d56dnpthvtktx8m4_normal.jpeg","en","",6146,"","[""Amro_K_D""]","IT Student, GameR , Editor @ Z-pad.net.كنت أبي اصير طبيب جنائي لكن مدري كيف انتهي الوضع فيني بتقنية المعلومات.مدمن ألعاب، وكاتب في موقع يسمونه زيباد. كفاية كذا","RT @Abed_Bayoun: haha shut up bieber ! :CC @Amro_K_D http://t.co/ITVCFHHf","Abed_Bayoun","Quito",64,"","[""video"",""xbox 360"",""#5"",""#6"",""call of duty: modern warfare 2""]","","","","","","web","Sun, 16 Aug 2009 00:35:34 +0000","","en","Jad","","Jad","224102817437196288","66012980"
1,"Abdulrahman Bay☮un","","web","ogilizezo_511","","","562741743","",0,"","","","","","","","","","","","","",20,"","","","","ar","224115877107347458","",5,10800,"",10,"ogilizezo_511",66012980,"","",724,"","Wed, 25 Apr 2012 06:57:25 +0000",79,"Sat, 14 Jul 2012 12:19:23 +0000","","haha shut up bieber ! :CC @Amro_K_D http://t.co/ITVCFHHf","","","","","","http://twitter.com/ogilizezo_511",562741743,"twitter",0,"1e1cdae25341a780e074db110b70a84e",12,"","Sat, 14 Jul 2012 12:19:23 +0000","Sat, 14 Jul 2012 11:27:30 +0000","","","Saudi Arabia",0.0,"","web","http://twitter.com/ogilizezo_511/statuses/224115877107347458","","224115877107347458","","","http://z-pad.net","",562741743,"","","",69,"[""ABN AMRO""]","Riyadh","http://a0.twimg.com/profile_images/2164100931/227687_1883882469856_1625191896_1884352_3552257_n_normal.jpg","en","",6146,"","[""Amro_K_D""]","IT Student, GameR , Editor @ Z-pad.net.كنت أبي اصير طبيب جنائي لكن مدري كيف انتهي الوضع فيني بتقنية المعلومات.مدمن ألعاب، وكاتب في موقع يسمونه زيباد. كفاية كذا","RT @Abed_Bayoun: haha shut up bieber ! :CC @Amro_K_D http://t.co/ITVCFHHf","Abed_Bayoun","",64,"","","","","","","","web","Sun, 16 Aug 2009 00:35:34 +0000","","en","زياد العقيلي","","زياد العقيلي","224102817437196288","66012980"
2,"Abdulrahman Bay☮un","","web","KhalidObaid91","","","177969887","",6,"","","","","","","","","","","","","",1281,"","","","","en","224116118762176513",10800,5,10800,"",36,"KhalidObaid91",66012980,"","",725,"","Fri, 13 Aug 2010 14:47:23 +0000",79,"Sat, 14 Jul 2012 12:20:21 +0000","","haha shut up bieber ! :CC @Amro_K_D http://t.co/ITVCFHHf","","","","","","http://twitter.com/KhalidObaid91",177969887,"twitter",285,"1e1cdae47c63a080e074080e1a3f0c94",63,"","Sat, 14 Jul 2012 12:20:21 +0000","Sat, 14 Jul 2012 11:27:30 +0000","","","Saudi Arabia",12.42,"","web","http://twitter.com/KhalidObaid91/statuses/224116118762176513","","224116118762176513","KSA-jeddah ","العمر 21 \\ طالب في جامعة الملك عبدالعزيز تخصص  تقنية معلومات \\ عاشق للالعاب الالكترونية \\ عاشق لنادي برشلونة \r\n\r\n \\ Gracies Pep","http://z-pad.net","",177969887,"http://www.facebook.com/khalid.alshammari.7","","",154,"[""ABN AMRO""]","Riyadh","http://a0.twimg.com/profile_images/2270648370/_C3_90_CE_AC_C5_8B_CF_84_D3_99_20_C2_BB_20_E2_94_8F_MN__E2_94_93_normal.jpg","en","",6146,"","[""Amro_K_D""]","IT Student, GameR , Editor @ Z-pad.net.كنت أبي اصير طبيب جنائي لكن مدري كيف انتهي الوضع فيني بتقنية المعلومات.مدمن ألعاب، وكاتب في موقع يسمونه زيباد. كفاية كذا","RT @Abed_Bayoun: haha shut up bieber ! :CC @Amro_K_D http://t.co/ITVCFHHf","Abed_Bayoun","Riyadh",64,"","","","","","","","web","Sun, 16 Aug 2009 00:35:34 +0000","","en","Khalid al-shammari ","","Khalid al-shammari ","224102817437196288","66012980"
4,"Abdulrahman Bay☮un","","Tweetbot for iOS","iMr_BaY3Ha","","","446550372","",2,"","","","","","","","","","","","",true,936,"","","","","en","224116585990860800",10800,5,10800,"",10,"iMr_BaY3Ha",66012980,"","",725,"","Sun, 25 Dec 2011 21:32:30 +0000",79,"Sat, 14 Jul 2012 12:22:12 +0000","","haha shut up bieber ! :CC @Amro_K_D http://t.co/ITVCFHHf","","","","","","http://twitter.com/iMr_BaY3Ha",446550372,"twitter",4,"1e1cdae89ef7a200e0748d74045a88cc",18,"","Sat, 14 Jul 2012 12:22:12 +0000","Sat, 14 Jul 2012 11:27:30 +0000","","","Saudi Arabia",0.61,"","<a href=""http://tapbots.com/tweetbot"" rel=""nofollow"">Tweetbot for iOS</a>","http://twitter.com/iMr_BaY3Ha/statuses/224116585990860800","","224116585990860800","","","http://z-pad.net","",446550372,"","","",55,"[""ABN AMRO""]","Riyadh","http://a0.twimg.com/profile_images/2262875344/image_normal.jpg","en","",6146,"","[""Amro_K_D""]","IT Student, GameR , Editor @ Z-pad.net.كنت أبي اصير طبيب جنائي لكن مدري كيف انتهي الوضع فيني بتقنية المعلومات.مدمن ألعاب، وكاتب في موقع يسمونه زيباد. كفاية كذا","RT @Abed_Bayoun: haha shut up bieber ! :CC @Amro_K_D http://t.co/ITVCFHHf","Abed_Bayoun","Riyadh",64,"","","","","","","","web","Sun, 16 Aug 2009 00:35:34 +0000","","en","BaY[3]Ha","","BaY[3]Ha","224102817437196288","66012980"
4,"Abdulrahman Bay☮un","","Twitter for iPhone","Manonta","","","98119852","",8,"","","","","","","","","","","","","",3379,"","","","","en","224118217340231681",-18000,5,10800,"",41,"Manonta",66012980,"","",725,"","Sun, 20 Dec 2009 12:49:42 +0000",79,"Sat, 14 Jul 2012 12:28:41 +0000","","haha shut up bieber ! :CC @Amro_K_D http://t.co/ITVCFHHf","","","","","","http://twitter.com/Manonta",98119852,"twitter",610,"1e1cdaf71cc2a280e074ef3c08639be8",197,"","Sat, 14 Jul 2012 12:28:41 +0000","Sat, 14 Jul 2012 11:27:30 +0000","","","Saudi Arabia",19.81,"","<a href=""http://twitter.com/download/iphone"" rel=""nofollow"">Twitter for iPhone</a>","http://twitter.com/Manonta/statuses/224118217340231681","","224118217340231681","RIYADH ♡","Girl :D | in Love With #PS3 :D ! , big fan of COD :p ,if you want my ID ask me =)) MFHYAH \\ :| /.    Food makes me happy :| !♡اللهم إغفر لي","http://z-pad.net","",98119852,"","","",161,"[""ABN AMRO""]","Riyadh","http://a0.twimg.com/profile_images/2349301376/image_normal.jpg","en","",6146,"","[""Amro_K_D""]","IT Student, GameR , Editor @ Z-pad.net.كنت أبي اصير طبيب جنائي لكن مدري كيف انتهي الوضع فيني بتقنية المعلومات.مدمن ألعاب، وكاتب في موقع يسمونه زيباد. كفاية كذا","RT @Abed_Bayoun: haha shut up bieber ! :CC @Amro_K_D http://t.co/ITVCFHHf","Abed_Bayoun","Quito",64,"","[""lady gaga"",""games"",""egypt"",""tumblr"",""video games""]","","","","","","web","Sun, 16 Aug 2009 00:35:34 +0000","","en","Hardcore Zombie ;3","","Hardcore Zombie ;3","224102817437196288","66012980"
6,"Abdulrahman Bay☮un","","Twitter for BlackBerry®","apoohmed","","","394211794","",3,"","","","","","","","","","","","","",1639,"","","","","en","224118582274035712",10800,5,10800,"",18,"apoohmed",66012980,"","",725,"","Wed, 19 Oct 2011 18:54:33 +0000",79,"Sat, 14 Jul 2012 12:30:08 +0000","","haha shut up bieber ! :CC @Amro_K_D http://t.co/ITVCFHHf","","","","","","http://twitter.com/apoohmed",394211794,"twitter",46,"1e1cdafa5a74a800e0743493df3a1a98",73,"","Sat, 14 Jul 2012 12:30:08 +0000","Sat, 14 Jul 2012 11:27:30 +0000","","","Saudi Arabia",3.11,"","<a href=""http://blackberry.com/twitter"" rel=""nofollow"">Twitter for BlackBerry®</a>","http://twitter.com/apoohmed/statuses/224118582274035712","","224118582274035712","السعودية - الرياض","nothing Important I'm 15 years old I dont love Made and love moves and I put here a comedian twitts Sometimes What's here is my opinion Oh forgot I'm muslim","http://z-pad.net","",394211794,"","","",145,"[""ABN AMRO""]","Riyadh","http://a0.twimg.com/profile_images/2207899967/IMG-20120503-WA003_normal.jpg","en","",6146,"","[""Amro_K_D""]","IT Student, GameR , Editor @ Z-pad.net.كنت أبي اصير طبيب جنائي لكن مدري كيف انتهي الوضع فيني بتقنية المعلومات.مدمن ألعاب، وكاتب في موقع يسمونه زيباد. كفاية كذا","RT @Abed_Bayoun: haha shut up bieber ! :CC @Amro_K_D http://t.co/ITVCFHHf","Abed_Bayoun","Riyadh",64,"","","","","","","","web","Sun, 16 Aug 2009 00:35:34 +0000","","en","محمد العريفي","","محمد العريفي","224102817437196288","66012980"
6,"Abdulrahman Bay☮un","","Twitter for iPad","ghaithalwaleed","","","466930343","",2,"","","","","","","","","","","","","",381,"","","","","en","224119809464471553","",5,10800,"",12,"ghaithalwaleed",66012980,"","",726,"","Tue, 17 Jan 2012 23:14:07 +0000",79,"Sat, 14 Jul 2012 12:35:01 +0000","","haha shut up bieber ! :CC @Amro_K_D http://t.co/ITVCFHHf","","","","","","http://twitter.com/ghaithalwaleed",466930343,"twitter",15,"1e1cdb0544b8a880e074d6e8f92d178a",26,"","Sat, 14 Jul 2012 12:35:01 +0000","Sat, 14 Jul 2012 11:27:30 +0000","","","Saudi Arabia",1.23,"","<a href=""http://twitter.com/#!/download/ipad"" rel=""nofollow"">Twitter for iPad</a>","http://twitter.com/ghaithalwaleed/statuses/224119809464471553","","224119809464471553","","iam student in Albushra school AL NASSR♥ & INTER MILAN ♥ . they are my LIFE.","http://z-pad.net","",466930343,"","","",172,"[""ABN AMRO""]","Riyadh","http://a0.twimg.com/sticky/default_profile_images/default_profile_5_normal.png","en","",6146,"","[""Amro_K_D""]","IT Student, GameR , Editor @ Z-pad.net.كنت أبي اصير طبيب جنائي لكن مدري كيف انتهي الوضع فيني بتقنية المعلومات.مدمن ألعاب، وكاتب في موقع يسمونه زيباد. كفاية كذا","RT @Abed_Bayoun: haha shut up bieber ! :CC @Amro_K_D http://t.co/ITVCFHHf","Abed_Bayoun","",64,"","","","","","","","web","Sun, 16 Aug 2009 00:35:34 +0000","","en","ghaith alwaleed","","ghaith alwaleed","224102817437196288","66012980"
8,"Abdulrahman Bay☮un","","Twitter for Android","zx_5","","","301564630","",5,"","","","","","","","","","","","","",2561,"","","","","en","224121537698070528",10800,5,10800,"",31,"zx_5",66012980,"","",726,"","Thu, 19 May 2011 17:46:07 +0000",79,"Sat, 14 Jul 2012 12:41:53 +0000","","haha shut up bieber ! :CC @Amro_K_D http://t.co/ITVCFHHf","","","","","","http://twitter.com/zx_5",301564630,"twitter",176,"1e1cdb149ddbae80e0746b4256015d2e",131,"","Sat, 14 Jul 2012 12:41:53 +0000","Sat, 14 Jul 2012 11:27:30 +0000","","","Saudi Arabia",8.96,"","<a href=""http://twitter.com/download/android"" rel=""nofollow"">Twitter for Android</a>","http://twitter.com/zx_5/statuses/224121537698070528",1,"224121537698070528","Riyadh","Battle Log: Zxyyy#1782","http://z-pad.net","",301564630,"http://z-pad.net","","",362,"[""ABN AMRO""]","Riyadh","http://a0.twimg.com/profile_images/1869721655/181120_normal.png","en","",6146,"","[""Amro_K_D""]","IT Student, GameR , Editor @ Z-pad.net.كنت أبي اصير طبيب جنائي لكن مدري كيف انتهي الوضع فيني بتقنية المعلومات.مدمن ألعاب، وكاتب في موقع يسمونه زيباد. كفاية كذا","RT @Abed_Bayoun: haha shut up bieber ! :CC @Amro_K_D http://t.co/ITVCFHHf","Abed_Bayoun","Baghdad",64,"","","","","","","","web","Sun, 16 Aug 2009 00:35:34 +0000","","en","Abdullah Fahad","","Abdullah Fahad","224102817437196288","66012980"
8,"Abdulrahman Bay☮un","","Twitter for BlackBerry®","alwaleedalqarni","","","477885341","",2,"","","","","","","","","","female","","","",255,"","","","","en","224126469931155456","",5,10800,"",10,"alwaleedalqarni",66012980,"","",726,"","Sun, 29 Jan 2012 17:34:08 +0000",79,"Sat, 14 Jul 2012 13:01:29 +0000","","haha shut up bieber ! :CC @Amro_K_D http://t.co/ITVCFHHf","","","","","","http://twitter.com/alwaleedalqarni",477885341,"twitter",6,"1e1cdb406d11aa80e07451cb3662d5ea",18,"","Sat, 14 Jul 2012 13:01:29 +0000","Sat, 14 Jul 2012 11:27:30 +0000","","","Saudi Arabia",0.52,"","<a href=""http://blackberry.com/twitter"" rel=""nofollow"">Twitter for BlackBerry®</a>","http://twitter.com/alwaleedalqarni/statuses/224126469931155456","","224126469931155456","","سأبقى مبتسم ضاحك في وجه أي عثره في وجه أي عدو في وجه أي حاقد. الزعل و الحزن لأ مكان لهم في حياتي هذا أنا هذه حياتي و ستبقى ابتسامتي شاقه وجهي ","http://z-pad.net","",477885341,"","","",110,"[""ABN AMRO""]","Riyadh","http://a0.twimg.com/profile_images/2389346896/anime_normal.jpg","en","",6146,"","[""Amro_K_D""]","IT Student, GameR , Editor @ Z-pad.net.كنت أبي اصير طبيب جنائي لكن مدري كيف انتهي الوضع فيني بتقنية المعلومات.مدمن ألعاب، وكاتب في موقع يسمونه زيباد. كفاية كذا","RT @Abed_Bayoun: haha shut up bieber ! :CC @Amro_K_D http://t.co/ITVCFHHf","Abed_Bayoun","",64,"","","","","","","","web","Sun, 16 Aug 2009 00:35:34 +0000","","en","Killer may cry ","","Killer may cry ","224102817437196288","66012980"
10,"Abdulrahman Bay☮un","","Tweetbot for iOS","Noo_Saa","","","354408104","",3,"","","","","","","","","","","","","",32,"","","","","ar","224132122758230019",10800,5,10800,"",13,"Noo_Saa",66012980,"","",726,"","Sat, 13 Aug 2011 17:27:54 +0000",79,"Sat, 14 Jul 2012 13:23:56 +0000","","haha shut up bieber ! :CC @Amro_K_D http://t.co/ITVCFHHf","","","","","","http://twitter.com/Noo_Saa",354408104,"twitter",13,"1e1cdb729b0fae00e074af50cb33183c",15,"","Sat, 14 Jul 2012 13:23:56 +0000","Sat, 14 Jul 2012 11:27:30 +0000","","","Saudi Arabia",1.88,"","<a href=""http://tapbots.com/tweetbot"" rel=""nofollow"">Tweetbot for iOS</a>","http://twitter.com/Noo_Saa/statuses/224132122758230019","","224132122758230019","Al-Riyadh","","http://z-pad.net","",354408104,"","","",40,"[""ABN AMRO""]","Riyadh","http://a0.twimg.com/profile_images/1752804603/barney_normal.png","en","",6146,"","[""Amro_K_D""]","IT Student, GameR , Editor @ Z-pad.net.كنت أبي اصير طبيب جنائي لكن مدري كيف انتهي الوضع فيني بتقنية المعلومات.مدمن ألعاب، وكاتب في موقع يسمونه زيباد. كفاية كذا","RT @Abed_Bayoun: haha shut up bieber ! :CC @Amro_K_D http://t.co/ITVCFHHf","Abed_Bayoun","Riyadh",64,"","","","","","","","web","Sun, 16 Aug 2009 00:35:34 +0000","","en","Anas","","Anas","224102817437196288","66012980"
11,"Abdulrahman Bay☮un","","Echofon","abdulaziz_n_a","","","331875241","",3,"","","","","","","","","","","","","",661,"","","","","en","224151113333620736","",5,10800,"",16,"abdulaziz_n_a",66012980,"","",729,"","Fri, 08 Jul 2011 21:18:45 +0000",79,"Sat, 14 Jul 2012 14:39:24 +0000","","haha shut up bieber ! :CC @Amro_K_D http://t.co/ITVCFHHf","","","","","","http://twitter.com/abdulaziz_n_a",331875241,"twitter",35,"1e1cdc1b496fa600e074267108656f7c",17,"","Sat, 14 Jul 2012 14:39:24 +0000","Sat, 14 Jul 2012 11:27:30 +0000","","","Saudi Arabia",2.49,"","<a href=""http://www.echofon.com/"" rel=""nofollow"">Echofon</a>","http://twitter.com/abdulaziz_n_a/statuses/224151113333620736","","224151113333620736","Riyadh SA , 'in florida ' ","Born at 28 july ♥ Real madrid big fan ♥ Eminem fan ♥ kik : iAziz_9 ","http://z-pad.net","",331875241,"http://www.ask.fm/x3ziizNA","","",48,"[""ABN AMRO""]","Riyadh","http://a0.twimg.com/profile_images/2368968029/342391527_normal.jpg","en","",6146,"","[""Amro_K_D""]","IT Student, GameR , Editor @ Z-pad.net.كنت أبي اصير طبيب جنائي لكن مدري كيف انتهي الوضع فيني بتقنية المعلومات.مدمن ألعاب، وكاتب في موقع يسمونه زيباد. كفاية كذا","RT @Abed_Bayoun: haha shut up bieber ! :CC @Amro_K_D http://t.co/ITVCFHHf","Abed_Bayoun","",64,"","","","","","","","web","Sun, 16 Aug 2009 00:35:34 +0000","","en","Aziiz Nine ","","Aziiz Nine ","224102817437196288","66012980"
11,"Abdulrahman Bay☮un","","Twitter for iPhone","LodyZz","","","547013022","",4,"","","","","","","","","","","","",true,275,"","","","","ar","224167142923304960","",5,10800,"",23,"LodyZz",66012980,"","",729,"","Fri, 06 Apr 2012 16:25:00 +0000",79,"Sat, 14 Jul 2012 15:43:06 +0000","","haha shut up bieber ! :CC @Amro_K_D http://t.co/ITVCFHHf","","","","","","http://twitter.com/LodyZz",547013022,"twitter",69,"1e1cdca9aadea100e074c3b8bd49cbd8",41,"","Sat, 14 Jul 2012 15:43:06 +0000","Sat, 14 Jul 2012 11:27:30 +0000","","","Saudi Arabia",5.32,"","<a href=""http://twitter.com/download/iphone"" rel=""nofollow"">Twitter for iPhone</a>","http://twitter.com/LodyZz/statuses/224167142923304960","","224167142923304960","Riyadh City","PC,PS3 Gamer, IOS whisper","http://z-pad.net","",547013022,"","","",257,"[""ABN AMRO""]","Riyadh","http://a0.twimg.com/profile_images/2393513619/image_normal.jpg","en","",6146,"","[""Amro_K_D""]","IT Student, GameR , Editor @ Z-pad.net.كنت أبي اصير طبيب جنائي لكن مدري كيف انتهي الوضع فيني بتقنية المعلومات.مدمن ألعاب، وكاتب في موقع يسمونه زيباد. كفاية كذا","RT @Abed_Bayoun: haha shut up bieber ! :CC @Amro_K_D http://t.co/ITVCFHHf","Abed_Bayoun","",64,"","","","","","","","web","Sun, 16 Aug 2009 00:35:34 +0000","","en","Khalid Alashwal","","Khalid Alashwal","224102817437196288","66012980"
12,"Abdulrahman Bay☮un","","Twitter for BlackBerry®","araby1997","","","565456185","",2,"","","","","","","","","","male","","","",8,"","","","","ar","224170156392329216","",5,10800,"",10,"araby1997",66012980,"","",729,"","Sat, 28 Apr 2012 11:38:31 +0000",79,"Sat, 14 Jul 2012 15:55:04 +0000","","haha shut up bieber ! :CC @Amro_K_D http://t.co/ITVCFHHf","","","","","","http://twitter.com/araby1997",565456185,"twitter",1,"1e1cdcc46a3fac00e07410991a4522f0",2,"","Sat, 14 Jul 2012 15:55:04 +0000","Sat, 14 Jul 2012 11:27:30 +0000","","","Saudi Arabia",0.46,"","<a href=""http://blackberry.com/twitter"" rel=""nofollow"">Twitter for BlackBerry®</a>","http://twitter.com/araby1997/statuses/224170156392329216","","224170156392329216","","","http://z-pad.net","",565456185,"","","",14,"[""ABN AMRO""]","Riyadh","http://a0.twimg.com/sticky/default_profile_images/default_profile_0_normal.png","en","",6146,"","[""Amro_K_D""]","IT Student, GameR , Editor @ Z-pad.net.كنت أبي اصير طبيب جنائي لكن مدري كيف انتهي الوضع فيني بتقنية المعلومات.مدمن ألعاب، وكاتب في موقع يسمونه زيباد. كفاية كذا","RT @Abed_Bayoun: haha shut up bieber ! :CC @Amro_K_D http://t.co/ITVCFHHf","Abed_Bayoun","",64,"","","","","","","","web","Sun, 16 Aug 2009 00:35:34 +0000","","en","abdelrahman araby","","abdelrahman araby","224102817437196288","66012980"
14,"Abdulrahman Bay☮un","","Twitter for iPhone","swink_","","","407378344","",2,"","","","","","","","","","","","","",392,"","","","","en","224291089216045057","",5,10800,"",10,"swink_",66012980,"","",730,"","Tue, 08 Nov 2011 00:39:23 +0000",80,"Sat, 14 Jul 2012 23:55:37 +0000","","haha shut up bieber ! :CC @Amro_K_D http://t.co/ITVCFHHf","","","","","","http://twitter.com/swink_",407378344,"twitter",3,"1e1ce0f6872aa280e074b3afef2bd5e0",28,"","Sat, 14 Jul 2012 23:55:37 +0000","Sat, 14 Jul 2012 11:27:30 +0000","","","Saudi Arabia",0.4,"","<a href=""http://twitter.com/download/iphone"" rel=""nofollow"">Twitter for iPhone</a>","http://twitter.com/swink_/statuses/224291089216045057","","224291089216045057","","","http://z-pad.net","",407378344,"","","",157,"[""ABN AMRO""]","Riyadh","http://a0.twimg.com/profile_images/2384500714/image_normal.jpg","en","",6149,"","[""Amro_K_D""]","IT Student, GameR , Editor @ Z-pad.net.كنت أبي اصير طبيب جنائي لكن مدري كيف انتهي الوضع فيني بتقنية المعلومات.مدمن ألعاب، وكاتب في موقع يسمونه زيباد. كفاية كذا","RT @Abed_Bayoun: haha shut up bieber ! :CC @Amro_K_D http://t.co/ITVCFHHf","Abed_Bayoun","",64,"","","","","","","","web","Sun, 16 Aug 2009 00:35:34 +0000","","en"," Abood",""," Abood","224102817437196288","66012980"
"","","","Twitter for BlackBerry®","","Je hebt de liefde... en dan nog het leven, haar vijand. Geïnteresseerd in politiek, psychologie, media en gek op dieren... tikkeltje ongeduldig","","","",4,366714278,"","","",1,"","","","Vanessa","","","","","","@Rabobank Rabobank intertel help lijn is niet bereikbaar. Kunt u mij helpen mn pas te activeren? Verneem graag van u. Cc. @Objectivist_Def","","[""Rabobank"",""Objectivist_Def""]","366714278","","224464437724196864","","","","<a href=""http://blackberry.com/twitter"" rel=""nofollow"">Twitter for BlackBerry®</a>",37,"LA_250","","","","","","","","Sun, 15 Jul 2012 11:24:26 +0000","","","",1676,"","",193,"http://twitter.com/LA_250","","twitter",351,"1e1ce6fa2739a100e0748103a900ebac","","","","","Amsterdam","","",12.93,338,"","http://twitter.com/LA_250/statuses/224464437724196864","","","","","","LA_250",366714278,"","","Rabobank","","[""Rabobank""]","","http://a0.twimg.com/profile_images/2269311193/s3tblvag8mufnt1mja7s_normal.jpeg","nl","Fri, 02 Sep 2011 17:45:53 +0000","","","","","@Rabobank Rabobank intertel help lijn is niet bereikbaar. Kunt u mij helpen mn pas te activeren? Verneem graag van u. Cc. @Objectivist_Def","","",95,"nl","[""poems""]","224413606761078784","7385462","","","","","",3600,"","Vanessa","Sun, 15 Jul 2012 11:24:26 +0000","","",""
"","","","Twitter for BlackBerry®","","OneOfAKind :)","","","",4,296601455,"","","",3,"","","","Siti Khadijah","","","","","","From ASTRO to ABN ehem ehem cc@yuppypower. :D :D","","","296601455","","224528139227889664","","","","<a href=""http://blackberry.com/twitter"" rel=""nofollow"">Twitter for BlackBerry®</a>",33,"KathyHalid","","","","","","","","Sun, 15 Jul 2012 15:37:34 +0000","","","",11187,"","",471,"http://twitter.com/KathyHalid","","twitter",243,"1e1ce92ff347a300e074c4c594d88248","","","","","","","",9.61,372,"","http://twitter.com/KathyHalid/statuses/224528139227889664","","","","","","KathyHalid",296601455,"","Keramat KL Or Shah Alam","","","[""ABN AMRO""]","","http://a0.twimg.com/profile_images/2354116743/IMG03171-20120630-1238-11_normal.jpg","en","Wed, 11 May 2011 02:30:39 +0000","","","","","From ASTRO to ABN ehem ehem cc@yuppypower. :D :D","","",61,"en","[""homosexuality"",""surgery"",""plastic"",""cats"",""food""]","","","",0,"","","","","","Siti Khadijah","Sun, 15 Jul 2012 15:37:34 +0000","","",""
"","","","web","","Voetballer van 't sterrenensemble van KOSC A2.  Helden; Gerrard, Boulahrouz, Jimmy Bullard, James May","","","",4,62069923,"","","","","","","http://kosca2.wordpress.com","Toon Brunninkhuis","","","","","","Ik stel voor dat Vancosolleil en Rabobank komende etappes samen gaan koersen. Onder naam: Oranje Leeuwtjes bijv. cc. @laurenstendam","","[""laurenstendam""]","62069923","","224549225038491651","","","","web",26,"FCToon","","","","","","","","Sun, 15 Jul 2012 17:01:21 +0000","","","",4318,"","",227,"http://twitter.com/FCToon","","twitter",91,"1e1ce9eb387ca680e07461aa4033f5a4","","","","","Amsterdam","","",6.94,676,"","http://twitter.com/FCToon/statuses/224549225038491651","","","","","","FCToon",62069923,"","Ootmarsum ","","","[""Rabobank""]","","http://a0.twimg.com/profile_images/1721515367/toon_normal.jpeg","nl","Sat, 01 Aug 2009 16:49:19 +0000","",true,"","","Ik stel voor dat Vancosolleil en Rabobank komende etappes samen gaan koersen. Onder naam: Oranje Leeuwtjes bijv. cc. @laurenstendam","","",100,"en","","","","","","","","",3600,"","Toon Brunninkhuis","Sun, 15 Jul 2012 17:01:21 +0000","","",""
"","","","YoruFukurou","","Wetenschap, vooral cognitie, geluid en muziek. Politiek. Lifi, hond, kat, visschen","","","",6,20454258,"","","",14,"","","","≻⋏⋎≺ ","","","","","","Aha, de ING heeft tegenwoordig een server staan op de Cocos-eilanden (.cc). Even inloggen met mijn 'uw bestaande gegevens'.","","","20454258","","224586902337097728","","","","<a href=""http://sites.google.com/site/yorufukurou/"" rel=""nofollow"">YoruFukurou</a>",42,"_ddk","","","","","","","","Sun, 15 Jul 2012 19:31:04 +0000","","","",10475,"","",241,"http://twitter.com/_ddk","","twitter",751,"1e1ceb39dd0cac00e074afe9f3d22c5a","","","","","Amsterdam","","",20.01,248,"","http://twitter.com/_ddk/statuses/224586902337097728","","","","","","_ddk",20454258,"","Netherlands","","","[""Rabobank""]","","http://a0.twimg.com/profile_images/2385700260/jusr5seuizpnf6zyq6o4_normal.jpeg","nl","Mon, 09 Feb 2009 18:25:53 +0000","","","","","Aha, de ING heeft tegenwoordig een server staan op de Cocos-eilanden (.cc). Even inloggen met mijn 'uw bestaande gegevens'.","","",94,"en","[""disqus"",""google analytics""]","","","","","","","",3600,"","≻⋏⋎≺ ","Sun, 15 Jul 2012 19:31:04 +0000","","",""
"","","","UberSocial for BlackBerry","","bacot-cantik-cerewet-ceria-gila-heboh-jahil-jelek-judes-jorok-konyol-lucu-malas-menarik-moody-ramah-rese-santai-supel-unik-unyu-pemarah-inrel wf @tinja_berjalan","","","",9,227143873,"","","","","","","","Rara Rheydian","","","","","","Sosialisasi itu krg penting. BOSAAAN!!! LUNGOOYY!!! Cc : @SyahFittt @Fathur_ALs @Adindaniy @RyanTirta39 @Augita_Sp hadaaawww, dk garang abn","","[""SyahFittt"",""Fathur_ALs"",""Adindaniy"",""RyanTirta39"",""Augita_Sp""]","227143873","","224778121835069440","","","","<a href=""http://ubersocial.com"" rel=""nofollow"">UberSocial for BlackBerry</a>",43,"ranoett","","","","","","","","Mon, 16 Jul 2012 08:10:55 +0000","","","",4907,"","",300,"http://twitter.com/ranoett","","twitter",1099,"1e1cf1dc42b5a180e074f7a2b432bc56","","","","","Pacific Time (US & Canada)","","",22.05,222,"","http://twitter.com/ranoett/statuses/224778121835069440","","","","","","ranoett",227143873,"","Di rumah nenek","","","[""ABN AMRO""]","","http://a0.twimg.com/profile_images/2343505782/raraaa_normal.jpg","ms","Thu, 16 Dec 2010 01:35:31 +0000","","","","","Sosialisasi itu krg penting. BOSAAAN!!! LUNGOOYY!!! Cc : @SyahFittt @Fathur_ALs @Adindaniy @RyanTirta39 @Augita_Sp hadaaawww, dk garang abn","","",100,"en","","","","","","","","",-28800,"","Rara Rheydian","Mon, 16 Jul 2012 08:10:55 +0000","","",""
"","","","TweetDeck","","Uitgever/directeur Van Duuren Media (ICT-, management en fotografieboeken). Directeur/mede-eigenaar van Yindo. ","","","",9,38138966,"","","",52,"","","http://www.vanduurenmedia.nl","Bob van Duuren","","","","","","@JeanPaulH Ach, ik zeg ook nog altijd ABN :D &lt;gd&amp;r&gt; cc @ABNAMRO","","[""JeanPaulH"",""ABNAMRO""]","38138966","","224866084837273602","","","","<a href=""http://www.tweetdeck.com"" rel=""nofollow"">TweetDeck</a>",40,"bobvanduuren","","","","","","","","Mon, 16 Jul 2012 14:00:27 +0000","","","",3533,"","",919,"http://twitter.com/bobvanduuren","","twitter",374,"1e1cf4e98748af80e07416111cc26022","","","","","Amsterdam","","",19.1,912,"","http://twitter.com/bobvanduuren/statuses/224866084837273602","","","","","","bobvanduuren",38138966,"","Culemborg, Nederland","JeanPaulH","","[""ABN AMRO""]","","http://a0.twimg.com/profile_images/1172205040/Foto_bob_nieuw_normal.jpg","nl","Wed, 06 May 2009 08:11:18 +0000","","","","","@JeanPaulH Ach, ik zeg ook nog altijd ABN :D &lt;gd&amp;r&gt; cc @ABNAMRO","","",100,"nl","[""publishing"",""rotterdam""]","224865805303681025","6236612","","","","","",3600,"","Bob van Duuren","Mon, 16 Jul 2012 14:00:27 +0000","","",""
"","","[""http://www.foodlog.nl/artikel/ing-voedselprijzen-stijgen-omzetgroei-vlakt-af/""]","Tweet Button","","Branddoctors | Conversation Specialist | WFP | Parool | MTV | Apple | Velour | American Apparel | GQ | Taschen | GZG | NOH8 | Single | Amsterdam | Love Life","","","",28,25302505,"","","",4,"","[8]","","Jeroen Siegerink","","","","","","ING: slager en groenteboer verdwijnen, omzet komt terug in OOH gemaksconconcepten - Foodlog: http://t.co/YQCEGr0B (cc @RobBesseling)","","[""RobBesseling""]","25302505","","224892410637987841","","","","<a href=""http://twitter.com/tweetbutton"" rel=""nofollow"">Tweet Button</a>",49,"jeroensiegerink","","","","","[""Fri, 13 Jul 2012 04:55:46 +0000""]","","","Mon, 16 Jul 2012 15:45:03 +0000","","","[""http://bit.ly/NpGEzP""]",778,"[""bit.ly""]","",208,"http://twitter.com/jeroensiegerink","","twitter",673,"1e1cf5d353e2a980e0747ae85ab08812","","[""ING: slager en groenteboer verdwijnen - Foodlog""]","","","Amsterdam","","",35.5,200,"","http://twitter.com/jeroensiegerink/statuses/224892410637987841","","","","","","jeroensiegerink",25302505,"","Amsterdam, the Netherlands","","","[""Rabobank""]","","http://a0.twimg.com/profile_images/1235915070/image_normal.jpg","nl","Thu, 19 Mar 2009 14:18:47 +0000","",true,"","","ING: slager en groenteboer verdwijnen, omzet komt terug in OOH gemaksconconcepten - Foodlog: http://t.co/YQCEGr0B (cc @RobBesseling)","","",100,"en","[""community"",""linkedin""]","","","","","","","",3600,"","Jeroen Siegerink","Mon, 16 Jul 2012 15:45:03 +0000","","",""
"","","","HootSuite","","Oprichter Sportcareers.be, hét carrièreplatform voor Belgische sportprofessionals | Sportcareer coach | Sportbusiness | Surfing | Sportmarketing | Just do it!","","","",18,169616043,"","","",37,"","","http://www.sportcareers.be","Jelle Verdoodt","","","","","","Rabobank is een mooie (#socialmedia en #sportsponsoring) benchmark met de campagne 'van begin tot goud'! http://t.co/N8olUBVE cc@nonunsenses","","","169616043","","224896859292962817","","","","<a href=""http://www.hootsuite.com"" rel=""nofollow"">HootSuite</a>",51,"Sportcareers","","","","","","","","Mon, 16 Jul 2012 16:02:44 +0000","","","[""http://ow.ly/cgOub""]",6400,"[""ow.ly""]","",1266,"http://twitter.com/Sportcareers","","twitter",1452,"1e1cf5fada5eaa00e07446a105728b08","","","","","Brussels","","",35.7,1426,"","http://twitter.com/Sportcareers/statuses/224896859292962817","","","","","","Sportcareers",169616043,"","Beervelde","","","[""Rabobank""]","","http://a0.twimg.com/profile_images/2142065616/Sportvacature_sport_vacature_Jelle_Verdoodt_normal.jpg","nl","Thu, 22 Jul 2010 19:28:10 +0000","",true,"","","Rabobank is een mooie (#socialmedia en #sportsponsoring) benchmark met de campagne 'van begin tot goud'! http://t.co/N8olUBVE cc@nonunsenses","","",100,"nl","[""nike"",""clubs"",""games"",""starbucks"",""red bull""]","","","","","","","",3600,"","Jelle Verdoodt","Mon, 16 Jul 2012 16:02:44 +0000","","",""
"","","","Twitter for BlackBerry®","","DJ/Producer. Member of @ElectricDeepSA & @theJLOR ","","","",5,580290273,"","","","","","","http://soundcloud.com/tintan-ed","Tin-Tan(ED&JLOR)","mostly_male","","[{""name"":""Terry Lee Brown Jr"",""sentiment"":0,""confident"":1,""label"":""Person"",""evidence"":1,""type"":""Person"",""about"":1}]","","","Terry Lee Brown Jr - Baltimore(Bass  Amro Remix) Cc@Nuno_88","","","580290273","","225012581637701632","","","","<a href=""http://blackberry.com/twitter"" rel=""nofollow"">Twitter for BlackBerry®</a>",29,"Tin_TanSA","","","","","","","","Mon, 16 Jul 2012 23:42:34 +0000","","","",389,"","",61,"http://twitter.com/Tin_TanSA","","twitter",121,"1e1cf9fea91da100e074e57edc0ce8c0","","","","","","","",8.5,92,"","http://twitter.com/Tin_TanSA/statuses/225012581637701632","","","","","","Tin_TanSA",580290273,"","Johannesburg, South Africa","","","[""ABN AMRO""]","","http://a0.twimg.com/profile_images/2342824439/IMG-20120516-00570_normal.jpg","en","Mon, 14 May 2012 20:24:19 +0000","","","","","Terry Lee Brown Jr - Baltimore(Bass  Amro Remix) Cc@Nuno_88","","",61,"en","","","","",0,"","","","","","Tin-Tan(ED&JLOR)","Mon, 16 Jul 2012 23:42:34 +0000","","",""
"","","","Twitter for BlackBerry®","","I am many things, but on a journey to discover what they are","","","",10,288159910,"","","","","","","http://www.houseonmag.com","Moeng Mokoena","","","[{""name"":""Terry Lee Brown Jr"",""sentiment"":0,""confident"":1,""label"":""Person"",""evidence"":1,""type"":""Person"",""about"":1,""themes"":[""ish right""]}]","","","That's the ish right there man!! Hot Jam RT @Tin_TanSA: Terry Lee Brown Jr - Baltimore(Bass Amro Remix) Cc Nuno_88","","[""Tin_TanSA""]","288159910","","225016606881886209","","","","<a href=""http://blackberry.com/twitter"" rel=""nofollow"">Twitter for BlackBerry®</a>",40,"Nuno_88","","","","","","","","Mon, 16 Jul 2012 23:58:34 +0000","","","",3743,"","",161,"http://twitter.com/Nuno_88","","twitter",416,"1e1cfa226c63a100e0745248d8cde956","","","","","","","",18.06,317,"","http://twitter.com/Nuno_88/statuses/225016606881886209","","","","","","Nuno_88",288159910,"","","","","[""ABN AMRO""]","","http://a0.twimg.com/profile_images/2278916769/DSC_0489_normal.jpg","en","Tue, 26 Apr 2011 10:39:31 +0000","","","","","That's the ish right there man!! Hot Jam RT @Tin_TanSA: Terry Lee Brown Jr - Baltimore(Bass Amro Remix) Cc Nuno_88","","",100,"en","[""music"",""surgery"",""kitchen"",""books"",""cats""]","","","",0,"","","","","","Moeng Mokoena","Mon, 16 Jul 2012 23:58:34 +0000","","",""
"","","","Mobile Web","","tengo que aprender a fingir mas y no mostrar lo que siento","","","",8,347528652,"","","","","","","","A ☮","","","","","","Hagmos el amro que te pareccc c c cc","","","347528652","","225075852092768256","","","","<a href=""http://mobile.twitter.com"" rel=""nofollow"">Mobile Web</a>",37,"abifogel","","","","","","","","Tue, 17 Jul 2012 03:53:59 +0000","","","",7450,"","",111,"http://twitter.com/abifogel","","twitter",205,"1e1cfc309ee2a580e074a3e5cd208dde","","","","","","","",15.44,58,"","http://twitter.com/abifogel/statuses/225075852092768256","","","","","","abifogel",347528652,"","","","","[""ABN AMRO""]","","http://a0.twimg.com/profile_images/2388417053/0hdkq6m6s21mh5bqwl7g_normal.jpeg","es","Tue, 02 Aug 2011 23:06:16 +0000","","","","","Hagmos el amro que te pareccc c c cc","","",61,"es","","","","",0,"","","","","","A ☮","Tue, 17 Jul 2012 03:53:59 +0000","","",""
"","","","TweetCaster for Android","","SangGURU",-7.9599971,"","",5,65330059,-7.9599971,112.6067707,"Sukun, Kota Malang",2,"","","http://hendrijanto.wordpress.com","Mazhend SangGURU","","Sukun","","","","@Indera_Lamps8 yg tipe Monster 250 cc harga 250 jt OTR. Sdh saya DP 249.990.000. Kurangnya silahkan transfer ke rek. 81120200801  AMRO BANK","e4d3eb9106fe011f","[""Indera_Lamps8""]","65330059","","225495680880353281","","","","<a href=""http://www.tweetcaster.com"" rel=""nofollow"">TweetCaster for Android</a>",38,"Mazhendnandez","",112.6067707,"http://api.twitter.com/1/geo/id/e4d3eb9106fe011f.json","","","","","Wed, 18 Jul 2012 07:42:14 +0000","Indonesia","","",7099,"","",430,"http://twitter.com/Mazhendnandez","","twitter",426,"1e1d0ac17330af00e0740fe32c821e3e","","","","","Jakarta","city","",14.23,443,"","http://twitter.com/Mazhendnandez/statuses/225495680880353281","","","","","","Mazhendnandez",65330059,"","ÜT: -7.7810329,112.3165625","Indera_Lamps8","","[""ABN AMRO""]","","http://a0.twimg.com/profile_images/2404159932/profile_normal.jpg","id","Thu, 13 Aug 2009 09:59:43 +0000","",true,"","","@Indera_Lamps8 yg tipe Monster 250 cc harga 250 jt OTR. Sdh saya DP 249.990.000. Kurangnya silahkan transfer ke rek. 81120200801  AMRO BANK","","",100,"en","[""manchester united"",""pak"",""real madrid c.f."",""chelsea"",""espn""]","225484301876203521","177890583","ID","","","","",25200,"","Mazhend SangGURU","Wed, 18 Jul 2012 07:42:14 +0000","","",""
"","","","Twitter for Android",""," Volatile's guitarist. ex-UTPian, INTI-an, ","","","",6,326796284,"","","","","","","","hazeeq","","","","","","@KamalSuriaa @snailazman what about hazwan? Abn said smething about hazwan. Kamal, Go cc him. Hahahaha","","[""KamalSuriaa"",""snailazman""]","326796284","","225533240474206209","","","","<a href=""http://twitter.com/download/android"" rel=""nofollow"">Twitter for Android</a>",36,"hazeeqmuhaimien","","","","","","","","Wed, 18 Jul 2012 10:11:29 +0000","","","",5240,"","",295,"http://twitter.com/hazeeqmuhaimien","","twitter",292,"1e1d0c0f0cb9ae80e0741595fe63c82c","","","","","","","",11.98,201,"","http://twitter.com/hazeeqmuhaimien/statuses/225533240474206209","","","","","","hazeeqmuhaimien",326796284,"","bukit jelutong, shah alam :D","KamalSuriaa","","[""ABN AMRO""]","","http://a0.twimg.com/profile_images/2403212326/JEBDvPtn_normal","en","Thu, 30 Jun 2011 14:13:47 +0000","","","","","@KamalSuriaa @snailazman what about hazwan? Abn said smething about hazwan. Kamal, Go cc him. Hahahaha","","",100,"en","[""apa"",""movies"",""law"",""nasa"",""cars""]","225532723836624898","309112869","",0,"","","","","","hazeeq","Wed, 18 Jul 2012 10:11:29 +0000","","",""
"","","[""http://twitter.com/jwboissevain/status/225551652080463872/photo/1""]","Twitter for BlackBerry®","","Hoofd Informatievoorziening Den Bosch | Archivist | slow food | music | movies | arts | reading | wining and dining | my guy Anto | personal Tw","","","",11,235284295,"","","",9,"","[0]","","frieke","","","","","","Speciaal cc @corineahlr ;) #rabobank » ""@jwboissevain: Prachtige cartoon #fd Hein de Kort over banken anno Toen en Nu http://t.co/FwF9rQJE""","","[""corineahlr"",""jwboissevain""]","235284295","","225560858112180225","","","","<a href=""http://blackberry.com/twitter"" rel=""nofollow"">Twitter for BlackBerry®</a>",40,"frieke72","","","","","[""Wed, 18 Jul 2012 12:01:18 +0000""]","","","Wed, 18 Jul 2012 12:01:13 +0000","","","[""http://bit.ly/MsoGdc""]",4762,"[""bit.ly""]","",202,"http://twitter.com/frieke72","","twitter",344,"1e1d0d0452a4aa80e074f0cc9bd684dc","","[""Twitter / jwboissevain: Prachtige cartoon in #fd v""]","","","Amsterdam","","",18.79,210,"","http://twitter.com/frieke72/statuses/225560858112180225","","","","","","frieke72",235284295,"","netherlands","","","[""Rabobank""]","","http://a0.twimg.com/profile_images/1298142329/20100918-2_normal.jpg","nl","Fri, 07 Jan 2011 20:20:34 +0000","","","","","Speciaal cc @corineahlr ;) #rabobank » ""@jwboissevain: Prachtige cartoon #fd Hein de Kort over banken anno Toen en Nu http://t.co/FwF9rQJE""","","",63,"en","[""yammer""]","","","","","","","",3600,"","frieke","Wed, 18 Jul 2012 12:01:13 +0000","","",""
0,"frieke","[""http://twitter.com/jwboissevain/status/225551652080463872/photo/1""]","Twitter for iPhone","corineahlr","","","281482308","",10,"","","","","","[""bit.ly""]","[0]","","","","","",true,1187,"","","","","en","225561264057876482","",9,3600,"",38,"corineahlr",235284295,"","",202,"[""Wed, 18 Jul 2012 12:01:18 +0000""]","Wed, 13 Apr 2011 11:14:05 +0000",210,"Wed, 18 Jul 2012 12:02:50 +0000","","Speciaal cc @corineahlr ;) #rabobank » ""@jwboissevain: Prachtige cartoon #fd Hein de Kort over banken anno Toen en Nu http://t.co/FwF9rQJE""","","","","[""http://bit.ly/MsoGdc""]","","http://twitter.com/corineahlr",281482308,"twitter",287,"1e1d0d07efb5a100e074f3b166dc16c6",181,"[""Twitter / jwboissevain: Prachtige cartoon in #fd v""]","Wed, 18 Jul 2012 12:02:50 +0000","Wed, 18 Jul 2012 12:01:13 +0000","","","netherlands",16.45,"","<a href=""http://twitter.com/download/iphone"" rel=""nofollow"">Twitter for iPhone</a>","http://twitter.com/corineahlr/statuses/225561264057876482",5,"225561264057876482","utrecht","Discovery consists not in seeking new lands, but in seeing with new eyes.\r\n\r\ninspriratie | creatie | innovatie | trainee informatiemanagement","","",281482308,"http://re.vu/corineahlrichs","","",196,"[""Rabobank""]","Amsterdam","http://a0.twimg.com/profile_images/1310071676/alice___olivia_normal.jpg","nl","",4762,"","[""corineahlr"",""jwboissevain""]","Hoofd Informatievoorziening Den Bosch | Archivist | slow food | music | movies | arts | reading | wining and dining | my guy Anto | personal Tw","RT @frieke72: Speciaal cc @corineahlr ;) #rabobank » ""@jwboissevain: Prachtige cartoon #fd Hein de Kort over banken anno Toen en Nu http ...","frieke72","",62,"","","","","","","","<a href=""http://blackberry.com/twitter"" rel=""nofollow"">Twitter for BlackBerry®</a>","Fri, 07 Jan 2011 20:20:34 +0000","","en","Corine","","Corine","225560858112180225","235284295"
